<?xml version="1.0" encoding="UTF-8"?>
<!DOCTYPE tiles-definitions PUBLIC
	"-//Apache Software Foundation//DTD Tiles Configuration 3.0//EN"
	"http://tiles.apache.org/dtds/tiles-config_3_0.dtd">
<tiles-definitions>
<!--

We declare a new template named template-main.
This template is used for displaying the main page.
It has 4 attributes. These attributes are placeholder for our contents
For each attribute, we have assigned a corresponding JSP
-->
<definition name="template-main" template="/WEB-INF/jsp/template/template.jsp">
<put-attribute name="main-content" value=""/>
</definition>

<!--"ajax:" renders the page as-is, without the template -->
<definition name="ajax:**" template="/WEB-INF/jsp/ajax/{1}.jsp"/>

<!--"tiles:" renders the specified page within the template-main -->

<definition name="integrated:**" extends="template-main">
<put-attribute name="main-content" value="/WEB-INF/jsp/{1}.jsp"/>
</definition>

<definition name="error" extends="template-main">
<put-attribute name="main-content" value="/WEB-INF/jsp/error.jsp"/>
</definition>

</tiles-definitions>